{"fullscreen":false,"mouse_sens":0.0020000000949949,"msaa":1,"res_x":1920,"res_y":1080,"show_fps":true,"ui_scale":0.800000011920929,"volume":0.5,"vsync":false}